cohort,group,seed,epochs,final_accuracy_percent
primary,1,12001,5,88.02228412256268
primary,1,12002,5,88.3008356545961
primary,1,12003,5,89.97214484679665
primary,1,12004,5,88.57938718662952
primary,1,12005,5,89.97214484679665
primary,1,12006,5,88.57938718662952
primary,1,12007,5,87.1866295264624
primary,1,12008,5,88.02228412256268
primary,1,12009,5,89.69359331476323
primary,1,12010,5,90.25069637883009
primary,1,12011,5,89.41504178272982
primary,1,12012,5,89.13649025069638
primary,1,12013,5,89.97214484679665
primary,1,12014,5,93.03621169916435
primary,1,12015,5,89.41504178272982
primary,1,12016,5,89.13649025069638
primary,1,12017,5,89.97214484679665
primary,1,12018,5,89.13649025069638
primary,1,12019,5,88.57938718662952
primary,1,12020,5,89.97214484679665
primary,8,12001,5,87.74373259052925
primary,8,12002,5,89.69359331476323
primary,8,12003,5,88.85793871866295
primary,8,12004,5,89.97214484679665
primary,8,12005,5,89.69359331476323
primary,8,12006,5,90.25069637883009
primary,8,12007,5,88.02228412256268
primary,8,12008,5,88.02228412256268
primary,8,12009,5,89.69359331476323
primary,8,12010,5,89.41504178272982
primary,8,12011,5,89.41504178272982
primary,8,12012,5,88.02228412256268
primary,8,12013,5,89.13649025069638
primary,8,12014,5,89.13649025069638
primary,8,12015,5,90.25069637883009
primary,8,12016,5,89.69359331476323
primary,8,12017,5,89.41504178272982
primary,8,12018,5,88.57938718662952
primary,8,12019,5,89.97214484679665
primary,8,12020,5,88.3008356545961
supplement,1,13001,20,91.92200557103064
supplement,1,13002,20,90.5292479108635
supplement,1,13003,20,92.47910863509749
supplement,1,13004,20,93.03621169916435
supplement,1,13005,20,93.03621169916435
supplement,1,13006,20,91.92200557103064
supplement,1,13007,20,91.64345403899722
supplement,1,13008,20,91.92200557103064
supplement,1,13009,20,92.75766016713092
supplement,1,13010,20,93.03621169916435
supplement,2,13001,5,89.97214484679665
supplement,2,13002,5,87.46518105849582
supplement,2,13003,5,88.57938718662952
supplement,2,13004,5,90.5292479108635
supplement,2,13005,5,89.69359331476323
supplement,2,13006,5,90.5292479108635
supplement,2,13007,5,88.02228412256268
supplement,2,13008,5,89.69359331476323
supplement,2,13009,5,88.02228412256268
supplement,2,13010,5,91.36490250696379
supplement,4,13001,5,90.80779944289694
supplement,4,13002,5,86.90807799442896
supplement,4,13003,5,90.5292479108635
supplement,4,13004,5,90.25069637883009
supplement,4,13005,5,88.3008356545961
supplement,4,13006,5,90.80779944289694
supplement,4,13007,5,89.13649025069638
supplement,4,13008,5,87.74373259052925
supplement,4,13009,5,88.57938718662952
supplement,4,13010,5,90.5292479108635
supplement,8,13001,20,92.75766016713092
supplement,8,13002,20,90.80779944289694
supplement,8,13003,20,91.36490250696379
supplement,8,13004,20,92.47910863509749
supplement,8,13005,20,92.75766016713092
supplement,8,13006,20,92.47910863509749
supplement,8,13007,20,90.80779944289694
supplement,8,13008,20,91.36490250696379
supplement,8,13009,20,92.20055710306406
supplement,8,13010,20,92.75766016713092
supplement,16,13001,5,89.69359331476323
supplement,16,13002,5,87.74373259052925
supplement,16,13003,5,88.3008356545961
supplement,16,13004,5,90.80779944289694
supplement,16,13005,5,89.69359331476323
supplement,16,13006,5,90.25069637883009
supplement,16,13007,5,88.3008356545961
supplement,16,13008,5,90.25069637883009
supplement,16,13009,5,89.41504178272982
supplement,16,13010,5,89.97214484679665
